Name,SMILES
BRD-K78206682,O=C1NC(=O)C=C1
BRD-K01666924,CC(C)CCCC(=O)N[C@@H](CCNCS(=O)(=O)O)C(=O)N[C@@H]([C@@H](C)O)C(=O)N[C@@H](CCNCS(=O)(=O)O)C(=O)N[C@H]1CCNC(=O)[C@@H](NC(=O)[C@H](CCNCS(=O)(=O)O)NC(=O)[C@H](CCNCS(=O)(=O)O)NC(=O)[C@H](CC(C)C)NC(=O)[C@H](CC(C)C)NC(=O)[C@H](CCNCS(=O)(=O)O)NC1=O)[C@@H](C)O 
BRD-K20338176,N[C@@H](C(=O)N[C@H]1[C@H]2SCC(=C(N2C1=O)C(=O)O)Cl)c1ccccc1
BRD-A03757454,OC[C@H]1O[C@@H](C[C@H]1O)N1C=C(F)C(=O)NC1=O
BRD-K76927775,[O-][N+](=O)c1ccc(o1)/C=N/N1CC(=O)NC1=O
BRD-K28935038,N[C@@H](C(=O)N[C@H]1[C@H]2CCC(=C(N2C1=O)C(=O)O)Cl)c1ccccc1
BRD-K62607865,C[C@H]1[C@H](NC(=O)/C(=N\OC(C)(C)C(=O)O)c2csc(n2)N)C(=O)N1S(=O)(=O)O
BRD-K34234316,CCCCCCCCCCCCC[N+](C)(C)Cc1ccccc1
BRD-K15766189,Nc1nc(cs1)/C(=N/O)C(=O)N[C@H]1[C@H]2SCC(=C(N2C1=O)C(=O)O)C=C
BRD-K62328564; TRICLOSAN,Oc1cc(ccc1Oc1ccc(cc1Cl)Cl)Cl
BRD-A24252652,CN[C@H]1C[C@@H](N)[C@H](O)[C@@H](O[C@@H]2O[C@H](CO)[C@H](O)[C@@H]3O[C@]4(O[C@H]([C@@H](N)CO)[C@H](O)[C@H](O)[C@H]4O)O[C@H]23)[C@@H]1O
BRD-K00003347,CN(C)[C@H]1[C@@H]2C[C@@H]3[C@H](O)c4c(ccc(c4C(=O)[C@@H]3C(=O)[C@]2(O)C(=O)[C@H](C(=O)N)C1=O)O)Cl
BRD-K01825699,C[C@@H](O)[C@@H](NC(=O)[C@H](C)[C@@H](O)[C@H](C)NC(=O)[C@@H](NC(=O)c1nc(nc(c1C)N)[C@H](CC(=O)N)NC[C@@H](N)C(=O)N)[C@@H](O[C@H]1O[C@H](CO)[C@H](O)[C@@H](O)[C@H]1O[C@H]1O[C@H](CO)[C@@H](O)[C@H](OC(=O)N)[C@@H]1O)c1cnc[nH]1)C(=O)NCCc1nc(cs1)-c1nc(cs1)C(=O)NCCC[S+](C)C 
BRD-K22662557,CCCC[P+](CCCC)(CCCC)Cc1ccc(cc1)NC(=O)[C@H](Cc1ccc2ccccc2c1)N/C(=N/C1CCCCC1)NC1CCCCC1
BRD-K73425385,NC[C@H]1O[C@H](O[C@@H]2[C@@H](N)C[C@@H](N)[C@H](O[C@H]3O[C@H](CO)[C@@H](O)[C@H](N)[C@H]3O)[C@H]2O)[C@H](N)[C@@H](O)[C@@H]1O
BRD-K01825574,CON=C(C(=O)N[C@H]1[C@H]2SCC(=C(N2C1=O)C(=O)O)CSC1=NC(=O)C(=NN1C)O)c1csc(n1)N
BRD-K52735702,Nc1nc(cs1)/C(=N\O)C(=O)N[C@H]1[C@H]2SCC(=C(N2C1=O)C(=O)O)C=C
BRD-K47832606,OC[C@H]1O[C@H](C[C@@H]1O)N1C=C(F)C(=O)NC1=O
BRD-K08205503,CO/N=C(\C(=O)N[C@H]1[C@H]2SCC(=C(N2C1=O)C(=O)O)C[N+]1(C)CCCC1)c1csc(n1)N
BRD-K92544108,CN1N=CN=C2C(=O)N(C)C(=O)N=C12
BRD-K82960980,CO/N=C(\C(=O)N[C@H]1[C@H]2SCC(=C(N2C1=O)C(=O)O)CSC(=O)c1ccco1)c1csc(n1)N
BRD-K10836013,N[C@@H]1CN(CC21CC2)c1c(cc2c(c1Cl)N(C=C(C(=O)O)C2=O)[C@@H]1C[C@@H]1F)F
BRD-K49668410,CC[C@H]1OC(=O)[C@H](C)[C@@H](O[C@H]2C[C@@](C)(OC)[C@@H](O)[C@H](C)O2)[C@H](C)[C@@H](O[C@@H]2O[C@H](C)C[C@@H]([C@H]2O)N(C)C)[C@@](C)(C[C@@H](C)C(=O)[C@H](C)[C@@H](O)[C@]1(C)O)OC
BRD-K85146014,OC(=O)P(=O)(O)O
BRD-K00003588,C[C@@H](O)[C@@H](NC(=O)[C@H](C)[C@@H](O)[C@H](C)NC(=O)[C@@H](NC(=O)c1nc(nc(c1C)N)[C@H](CC(=O)N)NC[C@@H](N)C(=O)N)[C@@H](O[C@H]1O[C@H](CO)[C@H](O)[C@@H](O)[C@H]1O[C@H]1O[C@H](CO)[C@@H](O)[C@H](OC(=O)N)[C@@H]1O)c1c[nH]cn1)C(=O)NCCc1nc(cs1)-c1nc(cs1)C(=O)NCCC[S+](C)C 
BRD-K00003240,CN(C)[C@H]1[C@@H]2C[C@@H]3Cc4c(cc(c(c4C(=O)[C@H]3C(=O)[C@]2(O)C(=O)[C@H](C(=O)N)C1=O)O)NC(=O)CN1CCCC1)F
BRD-K33457401; BRONOPOL,OCC(Br)(CO)[N+](=O)[O-]
BRD-K32972113,OCCN(CCO)c1ccc(c2no[n+](c12)[O-])[N+](=O)[O-]
BRD-K00003117,Nc1nc(ns1)/C(=N/O)C(=O)N[C@H]1[C@H]2SCC(=C(N2C1=O)C(=O)O)/C=C/1\CCN([C@@H]2CCNC2)C1=O
BRD-K22442616,ONC(=O)c1cn(nn1)-c1cccc(c1)C(=O)N1CCC2(CC1)N(CNC2=O)c1ccccc1
BRD-K27798832,CO/N=C(\C(=O)N[C@H]1[C@H]2SCC(=C(N2C1=O)C(=O)O)C)c1csc(n1)N
BRD-K35932154,CN1SC=CC1=O
BRD-K00003353,CN(C)[C@H]1[C@@H]2C[C@H]3[C@H](C(=O)c4c(ccc(c4[C@@]3(C)O)Cl)O)C(=O)[C@]2(O)C(=O)[C@H](C(=O)N)C1=O
BRD-K23677682,CN[C@H]1CN(C[C@@H]1OC)c1ccc2c(n1)N(C=C(C(=O)O)C2=O)c1nccs1
BRD-K00025625,C[C@@H]1[C@H]2[C@H](O)[C@H]3[C@H](N(C)C)C(=O)[C@H](C(=O)N)C(=O)[C@@]3(O)C(=C2C(=O)c2c(cccc21)O)O
BRD-K88043978,NCC[C@H](O)C(=O)N[C@@H]1C[C@H](N)[C@@H](O[C@H]2O[C@H](CN)[C@@H](O)[C@H](O)[C@H]2O)[C@H](O)[C@H]1O[C@H]1O[C@H](CO)[C@@H](O)[C@H](N)[C@H]1O
BRD-K70366318,COC1=C(N)C(=O)c2nc(ccc2C1=O)-c1nc(c(c(c1N)-c1ccc(c(c1O)OC)OC)C)C(=O)O
BRD-K99750640,Cc1nnc(s1)SCC1=C(N2[C@H](SC1)[C@H](NC(=O)Cn1cnnn1)C2=O)C(=O)O
BRD-K80694030,CCCC[P+](CCCC)(CCCC)Cc1ccc(cc1)NC(=O)[C@@H](Cc1ccc2ccccc2c1)N=C(NC1CCCCC1)NC1CCCCC1
BRD-K85490921,CON=C(C(=O)N[C@H]1[C@H]2SCC(=C(N2C1=O)C(=O)OCOC(=O)C(C)(C)C)C=Cc1scnc1C)c1csc(n1)N
BRD-K00494077,N[C@@H]1[C@H]2CN(C[C@@H]12)c1nc2c(cc1F)C(=O)C(=CN2c1ccc(cc1F)F)C(=O)O
BRD-K92872987,CC1=CC(=O)C(=CN1)C(=O)N[C@@H](C(=O)N[C@H]1[C@H]2SCC(=C(N2C1=O)C(=O)O)CSc1nnnn1C)c1ccc(cc1)O
BRD-K02558072,COC(=O)N/N=C/c1ccc(o1)[N+](=O)[O-]
BRD-K80622725,CN1N=C(C)N=C2C(=O)N(C)C(=O)N=C12
BRD-K05619559,NC[C@H]1O[C@H](O[C@@H]2[C@@H](N)C[C@@H](N)[C@H](O[C@H]3O[C@H](CO)[C@@H](O)[C@H](N)[C@H]3O)[C@H]2O)[C@H](N)C[C@@H]1O
BRD-K00003130,NC[C@H]1O[B](O)c2c(cccc21)OCCCO
BRD-K53123955,[O-][N+](=O)c1cnc(s1)N1CCNC1=O
BRD-K01825576,CN(C)[C@H]1[C@@H]2C[C@H]3C(=C(O)[C@]2(O)C(=C(C(=O)N)C1=O)O)C(=O)c1c(cccc1[C@]3(C)O)O
BRD-A08641215,CC[C@@H](C)CCCCC(=O)N[C@@H](CCN)C(=O)N[C@@H]([C@@H](C)O)C(=O)N[C@@H](CCN)C(=O)N[C@H]1CCNC(=O)[C@@H](NC(=O)[C@H](CCN)NC(=O)[C@H](CCN)NC(=O)[C@H](CC(C)C)NC(=O)[C@@H](Cc2ccccc2)NC(=O)[C@@H](CCN)NC1=O)[C@@H](C)O 
BRD-K79092138,NC(=O)N/N=C/c1ccc(o1)[N+](=O)[O-]
BRD-K46970505,CO/N=C(\C(=O)N[C@H]1[C@H]2SCC(=C(N2C1=O)C(=O)O)C[n+]1ccn2ncccc12)c1nsc(n1)N
BRD-K52117081,CC(C)(O/N=C(\C(=O)N[C@H]1[C@H]2SCC(=C(N2C1=O)C(=O)O)C[n+]1ccccc1)c1csc(n1)N)C(=O)O
BRD-K00003661,CO/N=C(\C(=O)N[C@H]1[C@H]2SCC(=C(N2C1=O)C(=O)O)CSc1nnnn1C)c1csc(n1)N
BRD-K11905747,CN[C@@H]1[C@H](O)[C@H](NC)[C@H]2O[C@]3(O)[C@@H](O[C@H](C)CC3=O)O[C@@H]2[C@H]1O
BRD-K56735750,COC(=O)N/N=C/c1c[n+](c2ccccc2[n+]1[O-])[O-]
BRD-K00003257,CC(C)(O/N=C(\C(=O)N[C@H]1[C@H]2SCC(=C(N2C1=O)C(=O)O)C[N+]1(CCCC1)CCNC(=O)c1ccc(c(c1Cl)O)O)c1csc(n1)N)C(=O)O
BRD-K71059170,Nc1nc(cs1)/C(=N/OCC(=O)O)C(=O)N[C@H]1[C@H]2SCC(=C(N2C1=O)C(=O)O)C=C
BRD-K72903603,CC1=CN([C@H]2C[C@H](N=[N+]=[N-])[C@@H](CO)O2)C(=O)NC1=O
BRD-K63550407,CC[C@H]1OC(=O)[C@H](C)[C@@H](O[C@H]2C[C@@](C)(OC)[C@@H](O)[C@H](C)O2)[C@H](C)[C@@H](O[C@@H]2O[C@H](C)C[C@@H]([C@H]2O)N(C)C)[C@](C)(O)C[C@@H](C)C(=O)[C@H](C)[C@@H](O)[C@]1(C)O
BRD-K46982791,Oc1ccc(c2cccnc12)Cl
BRD-K51677086,CCOC(=O)CCC(=O)O[C@H]1[C@@H](O[C@H](C)C[C@@H]1N(C)C)O[C@@H]1[C@@H](C)[C@H](O[C@H]2C[C@@](C)(OC)[C@@H](O)[C@H](C)O2)[C@@H](C)C(=O)O[C@H](CC)[C@@](C)(O)[C@H](O)[C@@H](C)C(=O)[C@H](C)C[C@@]1(C)O
BRD-K74501079,CC[C@H]1OC(=O)[C@H](C)[C@@H](O[C@H]2C[C@@](C)(OC)[C@@H](O)[C@H](C)O2)[C@H](C)[C@@H](O[C@@H]2O[C@H](C)C[C@@H]([C@H]2O)N(C)C)[C@](C)(O)C[C@@H](C)CN(C)[C@H](C)[C@@H](O)[C@]1(C)O
BRD-K00003346,CN(C)[C@H]1[C@@H]2C[C@@H]3Cc4c(ccc(c4C(=O)[C@@H]3C(=O)[C@]2(O)C(=O)[C@H](C(=O)N)C1=O)O)N(C)C
BRD-A41020680,CN(C)[C@@H]1[C@H]2C[C@H]3Cc4c(ccc(c4C(=O)[C@@H]3C(=O)[C@@]2(O)C(=C(C(=O)N)C1=O)O)O)N(C)C
BRD-K66412701,C[C@H]1COc2c3c(cc(c2C2(N)CC2)F)C(=O)C(=CN13)C(=O)O
BRD-A20863183,CO[C@@H]1[C@@H](OC(=O)c2ccc([nH]2)C)[C@@H](O)[C@H](CC1(C)C)Oc1ccc2c(c1C)OC(=O)[C@@H](C2)NC(=O)c1[nH]cc(c1C)CC(=O)NC1=Cc2ccc(c(c2OC1=O)C)O[C@@H]1OC(C)(C)[C@H](OC)[C@@H](OC(=O)c2ccc([nH]2)C)[C@H]1O 
BRD-A48237631,CO[C@]12[C@@H]3N[C@@H]3CN2C2=C([C@@H]1COC(=O)N)C(=O)C(=C(C)C2=O)N 
BRD-K37908742,CN1C(=O)[C@@]23CC4=CC=C[C@H](O)[C@H]4N3C(=O)[C@@]1(CO)SS2
BRD-K73629461,CC(=O)ON1C=C(F)C(=O)NC1=O
BRD-K00003569,CN(C)[C@H]1[C@@H]2C[C@@H]3Cc4c(cc(c(c4C(=O)[C@H]3C(=O)[C@]2(O)C(=O)[C@@H](C(=O)N)C1=O)O)CNCC(C)(C)C)N(C)C
BRD-K00004533,C[C@@H](O)[C@H](NC(=O)[C@@H](C)[C@H](O)[C@@H](C)NC(=O)[C@@H](NC(=O)c1nc(nc(c1C)N)[C@H](CC(=O)N)NC[C@H](N)C(=O)N)[C@@H](O[C@@H]1O[C@@H](CO)[C@@H](O)[C@H](O)[C@@H]1O[C@@H]1O[C@H](CO)[C@@H](O)[C@H](OC(=O)N)[C@@H]1O)c1c[nH]cn1)C(=O)NCCc1nc(cs1)-c1nc(cs1)C(=O)NCCCNCCCCN 
BRD-K00003362,COC1=C(OC)C(=O)C(=C(C)C1=O)CCCCCCCCCC[P+](c1ccccc1)(c1ccccc1)c1ccccc1
BRD-K00003351,CN(C)[C@H]1[C@@H]2[C@@H](O)[C@H]3[C@H](C(=O)c4c(cccc4C3=C)O)C(=O)[C@]2(O)C(=O)[C@@H](C(=O)N)C1=O
BRD-K47079459,CCCCCCCCCCCCCCCC[N+](C)(C)C
BRD-K00003142,N[C@@H]1CC[C@@H](c2ccc(c(c2)Cl)Cl)c2ccccc21
BRD-K36990484,CCN1C=C(C(=O)O)C(=O)c2cc(c(cc21)N1CCN(CC1)C(=S)Nc1cc(ccc1Cl)C(F)(F)F)F
BRD-K00004708,NCCONC(=O)[C@@H]1CC[C@@H]2CN1C(=O)N2OS(=O)(=O)O
BRD-K60663764,CC1(C)S[C@@H]2[C@H](NC(=O)[C@H](NC(=O)N3CCNC3=O)c3ccccc3)C(=O)N2[C@H]1C(=O)O
BRD-K97348307,OC(=O)C1=C(O)C2=C(CCCC2)NC1=O
BRD-K00004694,CC1(C)S[C@@H]2[C@H](NC(=O)[C@H](N)c3ccccc3)C(=O)N2[C@H]1C(=O)OCOC(=O)[C@@H]1N2[C@@H](CC2=O)S(=O)(=O)C1(C)C
BRD-M15413738,CN[C@H]1[C@H](O)[C@@H](O)[C@H](CO)O[C@H]1O[C@H]1[C@@H](O[C@@H](C)[C@]1(O)CO)O[C@@H]1[C@@H](O)[C@H](O)[C@@H](NC(=N)N)[C@H](O)[C@H]1NC(=N)N.CN[C@H]1[C@H](O)[C@@H](O)[C@H](CO)O[C@H]1O[C@H]1[C@@H](O[C@@H](C)[C@]1(O)CO)O[C@@H]1[C@@H](O)[C@H](O)[C@@H](NC(=N)N)[C@H](O)[C@H]1NC(=N)N 
BRD-K00003370,OC[C@H]1CN(C(=O)O1)c1ccc(c(c1)F)OCC1(O)CCN(CC1)c1cc2c(cc1F)C(=O)C(=CN2C1CC1)C(=O)O
BRD-K00003489,CCCN1C[C@H](C)[C@@H](O)[C@](C)(O)[C@@H](CC)OC(=O)[C@H](C)[C@@H](O[C@H]2C[C@@](C)(OC)[C@@H](O)[C@H](C)O2)[C@H](C)[C@@H](O[C@@H]2O[C@H](C)C[C@@H]([C@H]2O)N(C)C)[C@](C)(O)C[C@H]1C
BRD-K00003215,CC(C)[C@@H](CC[C@@H](C)[C@H]1CC[C@H]2[C@@H]3[C@H](O)C[C@H]4C[C@H](CC[C@]4(C)[C@H]3CC[C@]12C)NCCCNCCCCN)OS(=O)(=O)O
BRD-K00004538,CC[C@H]1OC(=O)C[C@@H](O)[C@H](C)[C@@H](O[C@@H]2O[C@H](C)C[C@@H]([C@H]2O)N(C)C)[C@@H](CC=O)C[C@@H](C)C(=O)/C=C/[C@]2(C)O[C@H]2[C@@H]1C
BRD-K00003300,NCCCC[C@H](N)C(=O)N[C@@H](CCCCN)C(=O)N[C@@H](Cc1c[nH]c2ccccc12)C(=O)N[C@@H](Cc1c[nH]c2ccccc12)C(=O)N[C@@H](CCCCN)C(=O)N[C@@H](CCCCN)C(=O)N[C@@H](Cc1c[nH]c2ccccc12)C(=O)N[C@@H](C(c1ccccc1)c1ccccc1)C(=O)N[C@@H](CCCCN)C(=O)N 
BRD-K00003124,CC(C)[C@@H](CC[C@@H](C)[C@H]1CC[C@H]2[C@@H]3[C@H](O)C[C@H]4C[C@H](CC[C@]4(C)[C@H]3CC[C@]12C)NCCCNCCCCNCCCN)OS(=O)(=O)O
BRD-A40787240,CO/N=C/1\CN(C[C@@H]1CN)c1nc2c(cc1F)C(=O)C(=CN2C1CC1)C(=O)O
BRD-K87700323,CCCCCCCCCCCCCCCC[n+]1ccccc1
BRD-K01824995,O=C1OC(=O)[C@H]2[C@H]3CC[C@@H](O3)[C@H]21
BRD-K03063480,Cn1cc(cn1)-c1[nH]c2cc(cc3c2c1C=NNC3=O)NC(=O)[C@H](N)C1CCCCC1
BRD-K00003344,NC(=O)[C@@H]1C(=O)C[C@@H]2C[C@@H]3Cc4cccc(c4C(=O)[C@@H]3C(=O)[C@]2(O)C1=O)O
BRD-K38684403,CC[C@@H]1OC(=O)[C@H](C)[C@@H](O[C@H]2C[C@@](C)(OC)[C@@H](O)[C@H](C)O2)[C@H](C)[C@@H](O[C@@H]2O[C@H](C)C[C@@H]([C@H]2O)N(C)C)[C@](C)(O)C[C@@H](C)/C(=N\OCOCCOC)[C@H](C)[C@@H](O)[C@]1(C)O
BRD-K15262564,C[C@H](O)[C@H](C)[C@@H]1O[C@H]1C[C@H]1CO[C@@H](C/C(=C/C(=O)OCCCCCCCCC(=O)O)C)[C@H](O)[C@@H]1O
BRD-K01825158,N[C@H]1CCN(C1)c1nc2c(cc1F)C(=O)C(=CN2c1ccc(cc1F)F)C(=O)O
BRD-K00002625,CC[C@H](C)C[C@H](C)CCCCCCCCC(=O)N[C@H]1C[C@@H](O)[C@@H](NCCN)NC(=O)[C@@H]2[C@@H](O)CCN2C(=O)[C@@H](NC(=O)[C@@H](NC(=O)[C@@H]2C[C@@H](O)CN2C(=O)[C@@H](NC1=O)[C@@H](C)O)[C@H](O)[C@@H](O)c1ccc(cc1)O)[C@H](O)CCN 
BRD-K00003352,CN(C)[C@H]1[C@@H]2C[C@H]3[C@@H](C(=O)c4c(cccc4[C@@]3(C)O)O)C(=O)[C@]2(O)C(=O)[C@@H](C(=O)N)C1=O
BRD-A69651145,CN(C)[C@H]1[C@@H]2C[C@@H]3Cc4c(ccc(c4C(=O)[C@@H]3C(=O)[C@]2(O)C(=C(C(=O)N)C1=O)O)O)N(C)C
BRD-K85882401,NC(=O)[C@@H]1CC[C@@H]2CN1C(=O)N2OS(=O)(=O)O
BRD-K24844714,FC1=CNC(=O)NC1=O
CEFPIRAMIDE ,Cc1cc(O)c(C(=O)NC(C(=O)NC2C(=O)N3C(C(=O)O)=C(CSc4nnnn4C)CSC23)c2ccc(O)cc2)cn1
GEMIFLOXACIN MESYLATE ,CON=C1CN(c2nc3c(cc2F)c(=O)c(C(=O)O)cn3C2CC2)CC1CN.CS(=O)(=O)O
POLYMYXIN B SULFATE ,CCC(C)CCCCC(=O)NC(CCN)C(=O)NC(C(=O)NC(CCN)C(=O)NC1CCNC(=O)C(C(C)O)NC(=O)C(CCN)NC(=O)C(CCN)NC(=O)C(CC(C)C)NC(=O)C(Cc2ccccc2)NC(=O)C(CCN)NC1=O)C(C)O.O=S(=O)(O)O
PRAXADINE HYDROCHLORIDE ,Cl.N=C(N)n1cccn1
CHLORHEXIDINE DIHYDROCHLORIDE ,Cl.Cl.N=C(NCCCCCCNC(=N)NC(=N)Nc1ccc(Cl)cc1)NC(=N)Nc1ccc(Cl)cc1
TOTAROL ,CCOC(=O)c1c(C)cc(O)c(C=O)c1O
CEFOTAXIME SODIUM ,CON=C(C(=O)NC1C(=O)N2C(C(=O)[O-])=C(COC(C)=O)CSC12)c1csc(N)n1.[Na+]
CHLORAMPHENICOL ,O=C(NC(CO)C(O)c1ccc([N+](=O)[O-])cc1)C(Cl)Cl
GATIFLOXACIN ,COc1c(N2CCNC(C)C2)c(F)cc2c(=O)c(C(=O)O)cn(C3CC3)c12
CEFAZOLIN SODIUM ,Cc1nnc(SCC2=C(C(=O)[O-])N3C(=O)C(NC(=O)Cn4cnnn4)C3SC2)s1.[Na+]
PATULIN ,O=C1C=C2C(=CCOC2O)O1
CEPHALOTHIN SODIUM ,CC(=O)OCC1=C(C(=O)[O-])N2C(=O)C(NC(=O)Cc3cccs3)C2SC1.[Na+]
AZITHROMYCIN ,CCC1OC(=O)C(C)C(OC2CC(C)(OC)C(O)C(C)O2)C(C)C(OC2OC(C)CC(N(C)C)C2O)C(C)(O)CC(C)CN(C)C(C)C(O)C1(C)O
RUFLOXACIN HYDROCHLORIDE ,CN1CCN(c2c(F)cc3c(=O)c(C(=O)O)cn4c3c2SCC4)CC1
CEFEPIME HYDROCHLORIDE ,CON=C(C(=O)NC1C(=O)N2C(C(=O)O)=C(C[N+]3(C)CCCC3)CSC12)c1csc(N)n1.[Cl-]
PRULIFLOXACIN ,Cc1oc(=O)oc1CN1CCN(c2cc3c(cc2F)c(=O)c(C(=O)O)c2n3C(C)S2)CC1
GENETICIN ,CNC1C(O)C(OC2C(N)CC(N)C(OC3OC(C(C)O)C(O)C(O)C3N)C2O)OCC1(C)O
CLINAFOXACIN HYDROCHLORIDE ,Cl.NC1CCN(c2c(F)cc3c(=O)c(C(=O)O)cn(C4CC4)c3c2Cl)C1
TELENZEPINE HYDROCHLORIDE ,Cc1scc2c1N(C(=O)CN1CCN(C)CC1)c1ccccc1NC2=O.Cl
CEFONICID SODIUM ,O=C([O-])C1=C(CSc2nnnn2CS(=O)(=O)[O-])CSC2C(NC(=O)C(O)c3ccccc3)C(=O)N12.[Na+].[Na+]
TRIMETHOPRIM ,COc1cc(Cc2cnc(N)nc2N)cc(OC)c1OC
OLOPATADINE HYDROCHLORIDE ,CN(C)CCC=C1c2ccccc2COc2ccc(CC(=O)O)cc21.Cl
FLEROXACIN ,CN1CCN(c2c(F)cc3c(=O)c(C(=O)O)cn(CCF)c3c2F)CC1
HETACILLIN POTASSIUM ,CC1(C)SC2C(N3C(=O)C(c4ccccc4)NC3(C)C)C(=O)N2C1C(=O)[O-].[K+]
TOBRAMYCIN ,NCC1OC(OC2C(N)CC(N)C(OC3OC(CO)C(O)C(N)C3O)C2O)C(N)CC1O
CEFTIOFUR HYDROCHLORIDE ,CON=C(C(=O)NC1C(=O)N2C(C(=O)O)=C(CSC(=O)c3ccco3)CSC12)c1csc(N)n1.Cl
OFLOXACIN ,CC1COc2c(N3CCN(C)CC3)c(F)cc3c(=O)c(C(=O)O)cn1c23
CEFOTETAN ,COC1(NC(=O)C2SC(=C(C(N)=O)C(=O)O)S2)C(=O)N2C(C(=O)O)=C(CSc3nnnn3C)CSC21
ZIDOVUDINE [AZT] ,Cc1cn(C2CC(N=[N+]=[N-])C(CO)O2)c(=O)[nH]c1=O
PIROCTONE OLAMINE ,CC(N)O.Cc1cc(CC(C)CC(C)(C)C)n(O)c(=O)c1
ENROFLOXACIN ,CCN1CCN(c2cc3c(cc2F)c(=O)c(C(=O)O)cn3C2CC2)CC1
CEFORANIDE ,NCc1ccccc1CC(=O)NC1C(=O)N2C(C(=O)O)=C(CSc3nnnn3CC(=O)O)CSC12
FLUMEQUINE ,CC1CCc2cc(F)cc3c(=O)c(C(=O)O)cn1c23
PEFLOXACIN MESYLATE ,CCn1cc(C(=O)O)c(=O)c2cc(F)c(N3CCN(C)CC3)cc21.CS(=O)(=O)O
NORFLOXACIN ,CCn1cc(C(=O)O)c(=O)c2cc(F)c(N3CCNCC3)cc21
SARAFLOXACIN HYDROCHLORIDE ,Cl.O=C(O)c1cn(-c2ccc(F)cc2)c2cc(N3CCNCC3)c(F)cc2c1=O
CEFTEZOLE ,O=C(Cn1cnnn1)NC1C(=O)N2C(C(=O)O)=C(CSc3nncs3)CSC12
FURAZOLIDONE ,O=C1OCCN1N=Cc1ccc([N+](=O)[O-])o1
CEFMETAZOLE SODIUM ,COC1(NC(=O)CSCC#N)C(=O)N2C(C(=O)[O-])=C(CSc3nnnn3C)CSC21.[Na+]
MOXIFLOXACIN HYDROCHLORIDE ,COc1c(N2CC3CCCNC3C2)c(F)cc2c(=O)c(C(=O)O)cn(C3CC3)c12.Cl
CEFOPERAZONE ,CCN1CCN(C(=O)NC(C(=O)NC2C(=O)N3C(C(=O)O)=C(CSc4nnnn4C)CSC23)c2ccc(O)cc2)C(=O)C1=O
BRD-K00535541,Nc1c2ccccc2nc2ccccc12
NITROFURANTOIN ,O=C1CN(N=Cc2ccc([N+](=O)[O-])o2)C(=O)N1
CLEROCIDIN,CC1CCC2(C)C(C=O)=CCCC2C1(C)CC1OC(O)C(=O)C12CO2 
FLORFENICOL ,CS(=O)(=O)c1ccc(C(O)C(CF)NC(=O)C(Cl)Cl)cc1
CEFAMANDOLE SODIUM ,Cn1nnnc1SCC1=C(C(=O)[O-])N2C(=O)C(NC(=O)C(O)c3ccccc3)C2SC1.[Na+]
METHYLBENZETHONIUM CHLORIDE ,Cc1cc(C(C)(C)CC(C)(C)C)ccc1OCCOCC[N+](C)(C)Cc1ccccc1.[Cl-]
CEFUROXIME SODIUM ,CON=C(C(=O)NC1C(=O)N2C(C(=O)[O-])=C(COC(N)=O)CSC12)c1ccco1.[Na+]
PIPERACILLIN SODIUM ,CCN1CCN(C(=O)NC(C(=O)NC2C(=O)N3C2SC(C)(C)C3C(=O)[O-])c2ccccc2)C(=O)C1=O.[Na+]
AMIKACIN HYDRATE ,NCCC(O)C(=O)NC1CC(N)C(OC2OC(CN)C(O)C(O)C2O)C(O)C1OC1OC(CO)C(O)C(N)C1O.O
CINACALCET HYDROCHLORIDE ,CC(NCCCc1cccc(C(F)(F)F)c1)c1cccc2ccccc12.Cl
BLEOMYCIN (bleomycin B2 shown) ,CCC1OC(OC(c2c[nH]cn2)C(NC(=O)c2nc(C(CC(N)=O)NCC(N)C(N)=O)nc(N)c2C)C(=O)NC(C)C(O)C(C)C(=O)NC(C(=O)NCCc2nc(-c3nc(C(=O)NCCCCNC(=N)N)cs3)cs2)C(C)O)C(OC2OC(CO)C(O)C(OC(N)=O)C2O)C(C)C1C.O=S(=O)(O)O.O=S(=O)(O)O
BENZETHONIUM CHLORIDE ,CC(C)(C)CC(C)(C)c1ccc(OCCOCC[N+](C)(C)Cc2ccccc2)cc1.[Cl-]
NITROFURAZONE ,NC(=O)NN=Cc1ccc([N+](=O)[O-])o1
MARBOFLOXACIN ,CN1CCN(c2c(F)cc3c(=O)c(C(=O)O)cn4c3c2OCN4C)CC1
COLISTIN SULFATE ,CCC(C)C1NC(=O)C(CCN)NC(=O)C(NC(=O)C(CCN)NC(=O)C(NC(=O)C(CCN)NC(=O)CCCCC(C)C)C(C)O)CCNC(=O)C(C(C)O)NC(=O)C(CCN)NC(=O)C(CCN)NC(=O)C(C(C)CC)NC1=O.O=S(=O)(O)O.O=S(=O)(O)O
PAZUFLOXACIN MESYLATE ,CC1COc2c(C3(N)CC3)c(F)cc3c(=O)c(C(=O)O)cn1c23.CS(=O)(=O)O
DIFLOXACIN HYDROCHLORIDE ,CN1CCN(c2cc3c(cc2F)c(=O)c(C(=O)O)cn3-c2ccc(F)cc2)CC1.Cl
LOMEFLOXACIN HYDROCHLORIDE ,CCn1cc(C(=O)O)c(=O)c2cc(F)c(N3CCNC(C)C3)c(F)c21.Cl
CIPROFLOXACIN ,O=C(O)c1cn(C2CC2)c2cc(N3CCNCC3)c(F)cc2c1=O
SPECTINOMYCIN HYDROCHLORIDE ,CNC1C(O)C(NC)C2OC3(O)C(=O)CC(C)OC3OC2C1O.Cl.Cl
OXOLINIC ACID ,CCn1cc(C(=O)[O-])c(=O)c2cc3c(cc21)OCO3.[K+]
MOXALACTAM DISODIUM ,COC1(NC(=O)C(C(=O)[O-])c2ccc(O)cc2)C(=O)N2C(C(=O)[O-])=C(CSc3nnnn3C)COC21.[Na+].[Na+]
BEKANAMYCIN SULFATE ,NCC1OC(OC2C(N)CC(N)C(OC3OC(CO)C(O)C(N)C3O)C2O)C(N)C(O)C1O.O=S(=O)(O)O
NADIFLOXACIN ,CC1CCc2c(N3CCC(O)CC3)c(F)cc3c(=O)c(C(=O)O)cn1c23
THIMEROSAL ,CC[Hg]Sc1ccccc1C(=O)[O-].[Na+]
CEFTIBUTEN ,Nc1nc(C(=CCC(=O)O)C(=O)NC2C(=O)N3C(C(=O)O)=CCSC23)cs1
ORBIFLOXACIN ,CC1CN(c2c(F)c(F)c3c(=O)c(C(=O)O)cn(C4CC4)c3c2F)CC(C)N1
DONEPEZIL HYDROCHLORIDE ,COc1cc2c(cc1OC)C(=O)C(CC1CCN(Cc3ccccc3)CC1)C2.Cl
ENOXACIN ,CCn1cc(C(=O)O)c(=O)c2cc(F)c(N3CCNCC3)nc21
CEFACLOR ,NC(C(=O)NC1C(=O)N2C(C(=O)O)=C(Cl)CSC12)c1ccccc1
DIMENHYDRINATE ,CN(C)CCOC(c1ccccc1)c1ccccc1.Cn1c(=O)c2[nH]c(Cl)nc2n(C)c1=O
CEFDITORIN PIVOXIL ,CON=C(C(=O)NC1C(=O)N2C(C(=O)OCOC(=O)C(C)(C)C)=C(C=Cc3scnc3C)CSC12)c1csc(N)n1
BUSPIRONE HYDROCHLORIDE ,Cl.O=C1CC2(CCCC2)CC(=O)N1CCCCN1CCN(c2ncccn2)CC1
CEFTRIAXONE SODIUM TRIHYDRATE ,CON=C(C(=O)NC1C(=O)N2C(C(=O)[O-])=C(CSc3nc(=O)c([O-])nn3C)CSC12)c1csc(N)n1.O.O.O.[Na+].[Na+]
SPARFLOXACIN ,CC1CN(c2c(F)c(N)c3c(=O)c(C(=O)O)cn(C4CC4)c3c2F)CC(C)N1
RONNEL ,COP(=S)(OC)Oc1cc(Cl)c(Cl)cc1Cl
AZTREONAM ,CC1C(NC(=O)C(=NOC(C)(C)C(=O)O)c2csc(N)n2)C(=O)N1S(=O)(=O)O
TELITHROMYCIN ,CCC1OC(=O)C(C)C(=O)C(C)C(OC2OC(C)CC(N(C)C)C2O)C(C)(OC)CC(C)C(=O)C(C)C2N(CCCCn3cnc(-c4cccnc4)c3)C(=O)OC12C
RIFAXIMIN ,COC1C=COC2(C)Oc3c(C)c(O)c4c(O)c(c5c(nc6cc(C)ccn65)c4c3C2=O)NC(=O)C(C)=CC=CC(C)C(O)C(C)C(O)C(C)C(OC(C)=O)C1C
AZACITIDINE ,Nc1ncn(C2OC(CO)C(O)C2O)c(=O)n1
CEFDINIR ,C=CC1=C(C(=O)O)N2C(=O)C(NC(=O)C(=NO)c3csc(N)n3)C2SC1
PIPEMIDIC ACID ,CCn1cc(C(=O)O)c(=O)c2cnc(N3CCNCC3)nc21
DIAVERIDINE ,COc1ccc(Cc2cnc(N)nc2N)cc1OC
MITOMYCIN ,COC12C(COC(N)=O)C3=C(C(=O)C(C)=C(N)C3=O)N1CC1NC12
PYRITHIONE ZINC ,[O-][n+]1ccccc1S[Zn]Sc1cccc[n+]1[O-]
CEFTAZIDIME ,CC(C)(ON=C(C(=O)NC1C(=O)N2C(C(=O)[O-])=C(C[n+]3ccccc3)CSC12)c1csc(N)n1)C(=O)O
BACAMPICILLIN HYDROCHLORIDE ,CCOC(=O)OC(C)OC(=O)C1N2C(=O)C(NC(=O)C(N)c3ccccc3)C2SC1(C)C.Cl
NOSCAPINE HYDROCHLORIDE ,COc1ccc2c(c1OC)C(=O)OC2C1c2c(cc3c(c2OC)OCO3)CCN1C.Cl
CHLORAMPHENICOL SODIUM SUCCINATE ,O=C([O-])CCC(=O)OCC(NC(=O)C(Cl)Cl)C(O)c1ccc([N+](=O)[O-])cc1.[Na+]
MEROPENEM ,CC(O)C1C(=O)N2C(C(=O)O)=C(SC3CNC(C(=O)N(C)C)C3)C(C)C12
TETRACYCLINE HYDROCHLORIDE ,CN(C)C1C(O)=C(C(N)=O)C(=O)C2(O)C(O)=C3C(=O)c4c(O)cccc4C(C)(O)C3CC12.Cl
CETRIMONIUM BROMIDE ,CCCCCCCCCCCCCCCC[N+](C)(C)C.[Br-]
FLOXURIDINE ,O=c1[nH]c(=O)n(C2CC(O)C(CO)O2)cc1F
COLISTIMETHATE SODIUM ,CCC(C)C1NC(=O)C(CCNCS(=O)(=O)[O-])NC(=O)C(NC(=O)C(CCNCS(=O)(=O)[O-])NC(=O)C(NC(=O)C(CCNCS(=O)(=O)[O-])NC(=O)CCCCC(C)C)C(C)O)CCNC(=O)C(C(C)O)NC(=O)C(CCNCS(=O)(=O)[O-])NC(=O)C(CCNCS(=O)(=O)[O-])NC(=O)C(C(C)CC)NC1=O.[Na+].[Na+].[Na+].[Na+].[Na+]
CICLOPIROX OLAMINE ,Cc1cc(C2CCCCC2)n(O)c(=O)c1.NCCO
CINOXACIN ,CCn1nc(C(=O)O)c(=O)c2cc3c(cc21)OCO3
NITROXOLINE ,O=[N+]([O-])c1ccc(O)c2ncccc12
BENZALKONIUM CHLORIDE HYDRATE ,CCCCCCCCCCCCC[N+](C)(C)Cc1ccccc1.O.[Cl-]
METHACYCLINE HYDROCHLORIDE ,C=C1c2cccc(O)c2C(=O)C2=C(O)C3(O)C(=O)C(C(N)=O)=C(O)C(N(C)C)C3C(O)C12.Cl
HEXACHLOROPHENE ,Oc1c(Cl)cc(Cl)c(Cl)c1Cc1c(O)c(Cl)cc(Cl)c1Cl
PHENYLMERCURIC ACETATE ,CC(=O)O[Hg]c1ccccc1
DEMECLOCYCLINE HYDROCHLORIDE ,CN(C)C1C(O)=C(C(N)=O)C(=O)C2(O)C(O)=C3C(=O)c4c(O)ccc(Cl)c4C(O)C3CC12.Cl
CHLOROACETOXYQUINOLINE ,CC(=O)Oc1ccc(Cl)c2cccnc12
OXYTETRACYCLINE ,CN(C)C1C(O)=C(C(N)=O)C(=O)C2(O)C(O)=C3C(=O)c4c(O)cccc4C(C)(O)C3C(O)C12.Cl
CHLORTETRACYCLINE HYDROCHLORIDE ,CN(C)C1C(O)=C(C(N)=O)C(=O)C2(O)C(O)=C3C(=O)c4c(O)ccc(Cl)c4C(C)(O)C3CC12.Cl
DOXYCYCLINE HYDROCHLORIDE ,CC1c2cccc(O)c2C(=O)C2=C(O)C3(O)C(=O)C(C(N)=O)=C(O)C(N(C)C)C3C(O)C21.Cl
MINOCYCLINE HYDROCHLORIDE ,CN(C)c1ccc(O)c2c1CC1CC3C(N(C)C)C(O)=C(C(N)=O)C(=O)C3(O)C(O)=C1C2=O.Cl
DIHYDROSTREPTOMYCIN SESQUISULFATE [5mM/10% aq DMSO] ,CNC1C(OC2C(OC3C(O)C(O)C(NC(=N)N)C(O)C3NC(=N)N)OC(C)C2(O)CO)OC(CO)C(O)C1O.O=S(=O)(O)O
CEFOXITIN SODIUM ,COC1(NC(=O)Cc2cccs2)C(=O)N2C(C(=O)[O-])=C(COC(N)=O)CSC21.[Na+]
CETYLPYRIDINIUM CHLORIDE ,CCCCCCCCCCCCCCCC[n+]1ccccc1.[Cl-]
RIFAPENTINE ,COC1C=COC2(C)Oc3c(C)c(O)c4c(O)c(c(C=NN5CCN(C6CCCC6)CC5)c(O)c4c3C2=O)NC(=O)C(C)=CC=CC(C)C(O)C(C)C(O)C(C)C(OC(C)=O)C1C
CEFCAPENE PIVOXIL HYDROCHLORIDE ,CCC=C(C(=O)NC1C(=O)N2C(C(=O)OCOC(=O)C(C)(C)C)=C(COC(N)=O)CSC12)c1csc(N)n1.Cl
RIFAMPIN ,COC1C=COC2(C)Oc3c(C)c(O)c4c(O)c(c(C=NN5CCN(C)CC5)c(O)c4c3C2=O)NC(=O)C(C)=CC=CC(C)C(O)C(C)C(O)C(C)C(OC(C)=O)C1C
TOSUFLOXACIN TOLUENESULFONATE HYDRATE ,Cc1ccc(S(=O)(=O)O)cc1.NC1CCN(c2nc3c(cc2F)c(=O)c(C(=O)O)cn3-c2ccc(F)cc2F)C1.O
CETALKONIUM CHLORIDE ,CCCCCCCCCCCCCCCC[N+](C)(C)Cc1ccccc1.[Cl-]
OXYQUINOLINE HEMISULFATE ,O=S(=O)(O)O.Oc1cccc2cccnc12
CHLOROXINE ,Oc1c(Cl)cc(Cl)c2cccnc12